{"cameraMode":{"drawMode":0,"name":"Shaded","section":"Shading Mode"},"sceneLighting":false,"audioPlay":false,"sceneViewState":{"showFog":true,"showMaterialUpdate":false,"showSkybox":false,"showFlares":true,"showImageEffects":true,"showParticleSystems":true,"showVisualEffectGraphs":true,"m_FxEnabled":true},"in2DMode":false,"pivot":{"x":-0.030810736119747163,"y":0.01657799445092678,"z":0.07627342641353607},"rotation":{"x":-0.030303284525871278,"y":0.01109281275421381,"z":-0.0003350091283209622,"w":-0.9994866251945496},"size":0.9507264494895935,"orthographic":false}