{"cameraMode":{"drawMode":0,"name":"Shaded","section":"Shading Mode"},"sceneLighting":false,"audioPlay":false,"sceneViewState":{"showFog":true,"showMaterialUpdate":false,"showSkybox":false,"showFlares":true,"showImageEffects":true,"showParticleSystems":true,"showVisualEffectGraphs":true,"m_FxEnabled":true},"in2DMode":false,"pivot":{"x":0.06121670454740524,"y":0.018754305317997934,"z":-0.2695113718509674},"rotation":{"x":0.0021277323830872776,"y":-0.997870683670044,"z":0.04374436289072037,"w":0.04854040592908859},"size":0.5095542669296265,"orthographic":false}