{"cameraMode":{"drawMode":0,"name":"Shaded","section":"Shading Mode"},"sceneLighting":true,"audioPlay":false,"sceneViewState":{"m_AlwaysRefresh":false,"showFog":true,"showSkybox":true,"showFlares":true,"showImageEffects":true,"showParticleSystems":true,"showVisualEffectGraphs":true,"m_FxEnabled":true},"in2DMode":false,"pivot":{"x":-1.2716403007507325,"y":1.252983808517456,"z":0.2934880256652832},"rotation":{"x":-0.09785560518503189,"y":0.08944391459226608,"z":-0.008826968260109425,"w":-0.9911560416221619},"size":3.1301448345184328,"orthographic":false}